{"Modern Family S01 S01E02":{"start":571.837205,"end":677.315676},"Modern Family S01 S01E03":{"start":992.964481,"end":1231.096205},"Modern Family S01 S01E04":{"start":188.394359,"end":361.594696},"Young Sheldon S01 S01E01":{"start":965.301084,"end":1224.613064},"Young Sheldon S01 S01E02":{"start":422,"end":664}}