{"Modern Family S01 S01E02":{"start":571.837205,"end":677.315676},"Modern Family S01 S01E03":{"start":992.964481,"end":1231.096205},"Modern Family S01 S01E04":{"start":188.394359,"end":361.594696},"Young Sheldon S01 S01E01":{"start":965.301084,"end":1224.613064},"Young Sheldon S01 S01E02":{"start":91.448919,"end":171.643087},"Young Sheldon S01 S01E03":{"start":336.653796,"end":604.563952},"Young Sheldon S01 S01E04":{"start":267.79991750367,"end":446.64185833700276}}